{"best_epoch":3,"train_losses":[2.3573028702662926,2.2105200979949022,2.185727898956191],"val_losses":[2.107581733057163,2.096399546069587,2.0717817500933706]}