{"best_epoch":3,"train_losses":[2.3324939298826286,2.205851426013805,2.186644769152616],"val_losses":[2.1009974584033593,2.08597731590271,2.0561001637969354]}