Zipf_Alpha,R2,N
1.35485164,0.9704982162,39477
