Zipf_Alpha,R2,N
1.355126414,0.9704670969,39481
